{
  "pitch": {
    "mean_hz": 119.99999915719198,
    "median_hz": 120.00000497396674
  },
  "formants": {
    "f1_median_hz": 663.4826645994482,
    "f2_median_hz": 1274.6572672870245,
    "f3_median_hz": 1612.6388647122246,
    "f4_median_hz": 2004.543400012012,
    "f5_median_hz": 2267.956465328391
  }
}